{
  "pools": [
    {
      "name": "uncommon_treasure",
      "rolls": 1,
      "entries": [
        {
          "type": "item",
          "name": "minecraft:slime_ball",
          "weight": 20,
          "functions": [
            {
              "function": "set_count",
              "count": {
                "min": 1,
                "max": 2
              }
            },
            {
              "function": "fortune_enchant",
              "count": {
                "min": 0,
                "max": 1
              }
            }
          ]
        },
        {
          "type": "item",
          "name": "aquaculture:loot",
          "weight": 20,
		  "functions": [
            {
              "function": "set_data",
              "data": 2
            }
          ]
        },
		{
          "type": "item",
          "name": "aquaculture:fish",
          "weight": 20,
		  "functions": [
            {
              "function": "set_data",
              "data": 38
            }
          ]
        },
		{
          "type": "item",
          "name": "aquaculture:loot",
          "weight": 10,
		  "functions": [
            {
              "function": "set_data",
              "data": 5
            }
          ]
        },
        {
          "type": "item",
          "name": "minecraft:iron_ingot",
          "weight": 10,
          "functions": [
            {
              "function": "fortune_enchant",
              "count": {
                "min": 0,
                "max": 1
              }
            }
          ]
        },
		{
          "type": "item",
          "name": "variedcommodities:coin_diamond",
          "weight": 5,
          "functions": [
            {
              "function": "set_count",
              "count": {
                "min": 1,
                "max": 2
              }
            },
            {
              "function": "fortune_enchant",
              "count": {
                "min": 0,
                "max": 1
              }
            }
          ]
        },
        {
          "type": "item",
          "name": "minecraft:gold_ingot",
          "weight": 10
        },
		{
          "type": "item",
          "name": "variedcommodities:ingot_bronze",
          "weight": 5
        },
		{
          "type": "item",
          "name": "minecraft:record_13",
          "weight": 1
        },
		{
          "type": "item",
          "name": "minecraft:record_cat",
          "weight": 1
        },
		{
          "type": "item",
          "name": "minecraft:record_blocks",
          "weight": 1
        },
		{
          "type": "item",
          "name": "minecraft:record_chirp",
          "weight": 1
        },
		{
          "type": "item",
          "name": "minecraft:record_far",
          "weight": 1
        },
		{
          "type": "item",
          "name": "minecraft:record_mall",
          "weight": 1
        },
		{
          "type": "item",
          "name": "minecraft:record_mellohi",
          "weight": 1
        },
		{
          "type": "item",
          "name": "minecraft:record_stal",
          "weight": 1
        },
		{
          "type": "item",
          "name": "minecraft:record_strad",
          "weight": 1
        },
		{
          "type": "item",
          "name": "minecraft:record_ward",
          "weight": 1
        },
		{
          "type": "item",
          "name": "minecraft:record_11",
          "weight": 1
        },
		{
          "type": "item",
          "name": "minecraft:record_wait",
          "weight": 1
        },
		{
          "type": "item",
          "name": "charm:record_calm1",
          "weight": 1
        },
		{
          "type": "item",
          "name": "charm:record_calm2",
          "weight": 1
        },
		{
          "type": "item",
          "name": "charm:record_calm3",
          "weight": 1
        },
		{
          "type": "item",
          "name": "charm:record_hal1",
          "weight": 1
        },
		{
          "type": "item",
          "name": "charm:record_hal2",
          "weight": 1
        },
		{
          "type": "item",
          "name": "charm:record_hal3",
          "weight": 1
        },
		{
          "type": "item",
          "name": "charm:record_hal4",
          "weight": 1
        },
		{
          "type": "item",
          "name": "charm:record_nuance1",
          "weight": 1
        },
		{
          "type": "item",
          "name": "charm:record_nuance2",
          "weight": 1
        },
		{
          "type": "item",
          "name": "charm:record_piano1",
          "weight": 1
        },
		{
          "type": "item",
          "name": "charm:record_piano2",
          "weight": 1
        },
		{
          "type": "item",
          "name": "charm:record_piano3",
          "weight": 1
        },
		{
          "type": "item",
          "name": "charm:record_creative1",
          "weight": 1
        },
		{
          "type": "item",
          "name": "charm:record_creative2",
          "weight": 1
        },
		{
          "type": "item",
          "name": "charm:record_creative3",
          "weight": 1
        },
		{
          "type": "item",
          "name": "charm:record_creative4",
          "weight": 1
        },
		{
          "type": "item",
          "name": "charm:record_creative5",
          "weight": 1
        },
		{
          "type": "item",
          "name": "charm:record_creative6",
          "weight": 1
        },
		{
          "type": "item",
          "name": "charm:record_nether1",
          "weight": 1
        },
		{
          "type": "item",
          "name": "charm:record_nether2",
          "weight": 1
        },
		{
          "type": "item",
          "name": "charm:record_nether3",
          "weight": 1
        },
		{
          "type": "item",
          "name": "charm:record_nether4",
          "weight": 1
        },
		{
          "type": "item",
          "name": "charm:record_menu1",
          "weight": 1
        },
		{
          "type": "item",
          "name": "charm:record_menu2",
          "weight": 1
        },
		{
          "type": "item",
          "name": "charm:record_menu3",
          "weight": 1
        },
		{
          "type": "item",
          "name": "charm:record_menu4",
          "weight": 1
        },
		{
          "type": "item",
          "name": "pigstep:pigstep",
          "weight": 1
        },
		{
          "type": "item",
          "name": "minecraft:deadbush",
          "weight": 1
        },
		{
          "type": "item",
          "name": "minecraft:dirt",
          "weight": 100
        },
		{
          "type": "item",
          "name": "minecraft:dirt",
          "weight": 100
        }
      ]
    }
  ]
}